--LIBRARY PROJECT--



--INSERTS--
INSERT INTO Card VALUES (101,'A',0);
INSERT INTO Card VALUES (102,'A',0);
INSERT INTO Card VALUES (103,'A',0);
INSERT INTO Card VALUES (104,'A',0);
INSERT INTO Card VALUES (105,'A',0);
INSERT INTO Card VALUES (106,'A',0);
INSERT INTO Card VALUES (107,'B',50);
INSERT INTO Card VALUES (108,'B',10);
INSERT INTO Card VALUES (109,'B',25.5);
INSERT INTO Card VALUES (110,'B',15.25);
INSERT INTO Card VALUES (151,'A',0);
INSERT INTO Card VALUES (152,'A',0);
INSERT INTO Card VALUES (153,'A',0);
INSERT INTO Card VALUES (154,'A',0);
INSERT INTO Card VALUES (155,'A',0);




INSERT INTO Customer VALUES (1, 'ALFRED', 'BACON STREET', 623623623, 'alfred123', 'al1', '01-JUN-21', 101);
INSERT INTO Customer VALUES (2, 'JAMES', 'DOWNTOWN ABBEY', 659659659, 'james123', 'ja2', '01-JUN-21', 102);
INSERT INTO Customer VALUES (3, 'GEORGE', 'DETROIT CITY', 654654654, 'george123', 'ge3', '01-JUN-21', 103);
INSERT INTO Customer VALUES (4, 'TOM', 'WASHINGTON DC.', 658658658, 'tom123', 'tom4', '01-JUN-21', 104);
INSERT INTO Customer VALUES (5, 'PETER', 'CASTERLY ROCK', 652652652, 'peter123', 'pe5', '01-JUN-21', 105);
INSERT INTO Customer VALUES (6, 'JENNY', 'TERRAKOTA', 651651651, 'jenny123', 'je6', '01-JUN-21', 106);
INSERT INTO Customer VALUES (7, 'ROSE', 'SWEET HOME ALABAMA', 657657657, 'rose123', 'ro7', '01-JUN-21', 107);
INSERT INTO Customer VALUES (8, 'MONICA', 'FAKE STREET 123', 639639639, 'monica123', 'mo8', '01-JUN-21', 108);
INSERT INTO Customer VALUES (9, 'PHOEBE', 'CENTRAL PERK', 678678678, 'phoebe123', 'pho9', '01-JUN-21', 109);
INSERT INTO Customer VALUES (10, 'RACHEL', 'WHEREVER', 687687687, 'rachel123', 'ra10', '01-JUN-21', 110);


INSERT INTO Location VALUES ('ARCHEOLOGY ROAD');
INSERT INTO Location VALUES ('CHEMISTRY ROAD');
INSERT INTO Location VALUES ('COMPUTING ROAD');
INSERT INTO Location VALUES ('PHYSICS ROAD');


INSERT INTO Branch VALUES ('ARCHEOLOGY', 'ARCHEOLOGY ROAD', 645645645);
INSERT INTO Branch VALUES ('CHEMISTRY', 'CHEMISTRY ROAD', 622622622);
INSERT INTO Branch VALUES ('COMPUTING', 'COMPUTING ROAD', 644644644);
INSERT INTO Branch VALUES ('PHYSICS', 'PHYSICS ROAD', 666666666);

SELECT * FROM Card WHERE cardID = 101;

INSERT INTO Employee VALUES (211, 'ROSS', 'HIS HOUSE', 671671671, 'ross123', 'ro11', 1200, 'ARCHEOLOGY', 151);
INSERT INTO Employee VALUES (212, 'CHANDLER', 'OUR HEARTHS', 688688688, 'chandler123', 'chand12', 1150.50, 'ARCHEOLOGY', 152);
INSERT INTO Employee VALUES (213, 'JOEY', 'LITTLE ITAYLY', 628628628, 'joey123', 'jo13', 975.75, 'ARCHEOLOGY', 153);
INSERT INTO Employee VALUES (214, 'VICTOR', 'SANTA FE', 654321987, 'victor123', 'vic14', 2200, 'COMPUTING', 154);
INSERT INTO Employee VALUES (215, 'JAIRO', 'ARMILLA', 698754321, 'jairo123', 'ja15', 2200.50, 'CHEMISTRY', 155);



INSERT INTO Book VALUES ('A123', 'B1A123', 'GOOD', 'A', 5, 20, 'ARCHEOLOGY ROAD');
INSERT INTO Book VALUES ('B123', 'B2A123', 'NEW', 'O', 6, 30, 'ARCHEOLOGY ROAD');
INSERT INTO Book VALUES ('B234', 'B1B234', 'NEW', 'A', 2, 15, 'CHEMISTRY ROAD');
INSERT INTO Book VALUES ('C321', 'B1C321', 'BAD', 'A', 1, 10, 'PHYSICS ROAD');
INSERT INTO Book VALUES ('H123', 'B1H123', 'GOOD', 'A', 3, 15, 'CHEMISTRY ROAD');
INSERT INTO Book VALUES ('Z123', 'B1Z123', 'GOOD', 'O', 4, 20, 'COMPUTING ROAD');
INSERT INTO Book VALUES ('L321', 'B1L321', 'NEW', 'O', 4, 20, 'COMPUTING ROAD');
INSERT INTO Book VALUES ('P321', 'B1P321', 'USED', 'A', 2, 12, 'CHEMISTRY ROAD');


INSERT INTO Rent VALUES (101, 'B2A123', '01-JUN-22', '10-JUN-25');
INSERT INTO Rent VALUES (102, 'B1Z123', '01-JUN-22', '10-JUN-25');
INSERT INTO Rent VALUES (104, 'B1A123', '01-JUN-22', '10-JUN-25');
INSERT INTO Rent VALUES (105, 'B1B234', '01-JUN-22', '10-JUN-25');
INSERT INTO Rent VALUES (154, 'B1L321', '01-JUN-22', '10-JUN-25');
INSERT INTO Rent VALUES (155, 'B1P321', '01-JUN-22', '10-JUN-25');

commit;